{"cameraMode":{"drawMode":0,"name":"Shaded","section":"Shading Mode"},"sceneLighting":true,"audioPlay":false,"sceneViewState":{"m_AlwaysRefresh":false,"showFog":true,"showSkybox":true,"showFlares":true,"showImageEffects":true,"showParticleSystems":true,"showVisualEffectGraphs":true,"m_FxEnabled":true},"in2DMode":false,"pivot":{"x":254.1665802001953,"y":192.49655151367188,"z":-88.01084899902344},"rotation":{"x":0.044400762766599658,"y":-0.002491813851520419,"z":0.0023771473206579687,"w":0.9994698166847229},"size":117.74251556396485,"orthographic":false}