{"cameraMode":{"drawMode":0,"name":"Shaded","section":"Shading Mode"},"sceneLighting":true,"audioPlay":false,"sceneViewState":{"m_AlwaysRefresh":false,"showFog":true,"showSkybox":true,"showFlares":true,"showImageEffects":true,"showParticleSystems":true,"showVisualEffectGraphs":true,"m_FxEnabled":true},"in2DMode":false,"pivot":{"x":193.79104614257813,"y":176.44627380371095,"z":-128.3071746826172},"rotation":{"x":-0.06276902556419373,"y":-0.04274081066250801,"z":-0.00016184673586394638,"w":-0.9978607296943665},"size":123.82909393310547,"orthographic":false}