{"cameraMode":{"drawMode":0,"name":"Shaded","section":"Shading Mode"},"sceneLighting":true,"audioPlay":false,"sceneViewState":{"m_AlwaysRefresh":false,"showFog":true,"showSkybox":true,"showFlares":true,"showImageEffects":true,"showParticleSystems":true,"showVisualEffectGraphs":true,"m_FxEnabled":true},"in2DMode":false,"pivot":{"x":-12.160152435302735,"y":23.621868133544923,"z":-25.928142547607423},"rotation":{"x":-0.04205537959933281,"y":0.9265550971031189,"z":-0.10956703126430512,"w":-0.35789060592651369},"size":42.178688049316409,"orthographic":false}