{"cameraMode":{"drawMode":0,"name":"Shaded","section":"Shading Mode"},"sceneLighting":false,"audioPlay":false,"sceneViewState":{"m_AlwaysRefresh":false,"showFog":true,"showSkybox":false,"showFlares":true,"showImageEffects":true,"showParticleSystems":true,"showVisualEffectGraphs":true,"m_FxEnabled":true},"in2DMode":false,"pivot":{"x":-3.9701175689697267,"y":25.529483795166017,"z":25.191471099853517},"rotation":{"x":-0.030585473403334619,"y":-0.30935654044151308,"z":-0.009768063202500344,"w":0.9506842494010925},"size":5.188337326049805,"orthographic":false}